Load Current(A),efficiency(%)
0.1483,40.435064077380375
0.4866,65.3710847799451
0.8229,73.27915980183543
1.1602,76.46699629459994
1.4985,78.39430990664322
