Load Current(A),efficiency(%)
0.0988,23.35641054891177
0.323,49.05220398543777
0.5486,59.80973908358875
0.7731,65.72877759563288
0.9981,68.72963913543963
